title,company_name,link
Tech Lead / Sr. Python Developer,TRENDALYTICS,https://www.indeed.com/cmp/Trendalytics-1
newFront End Developer,FasTraxPOS,Link is not available
Jr. Backend Engineer,MealPal,https://www.indeed.com/cmp/Mealpal
newCloud/Python Software Engineer,"JPMorgan Chase Bank, N.A.",https://www.indeed.com/cmp/Chase-2
Python Developer,ACS Group,Link is not available
newSoftware Engineer I,Arcfield,Link is not available
"Scientist, Software Developer",Corning,https://www.indeed.com/cmp/Corning-4
newFull Stack Java/Python Software Engineer - Highbridge,"JPMorgan Chase Bank, N.A.",https://www.indeed.com/cmp/Chase-2
newFull Stack Developer,FasTraxPOS,Link is not available
Macro Python Quant Developer,Balyasny Asset Management,https://www.indeed.com/cmp/Balyasny-Asset-Management
Associate Software Engineer Program - New York - May 2022 Gr...,Fitch Group,Link is not available
newQuantitative Developer,Morgan Stanley,https://www.indeed.com/cmp/Morgan-Stanley
Software Engineers & Web Developers,1DocWay,Link is not available
Junior Python Developer,CompStak,Link is not available
Junior Software Engineer,ION,https://www.indeed.com/cmp/Ion
newPython Developer/ Senior Python Engineer Business Intelligen...,Denken Solutions Inc,https://www.indeed.com/cmp/Denken-Solutions-Inc
Entry Level - Associate Developer (Commercial): Full Stack o...,IBM,https://www.indeed.com/cmp/IBM
"Software Engineer, I",Zebra Technologies,https://www.indeed.com/cmp/Zebra-Technologies
Software Engineer,Nike,https://www.indeed.com/cmp/Nike
"Software Engineer, Junior",Booz Allen Hamilton,https://www.indeed.com/cmp/Booz-Allen-Hamilton
Python (Django/Flask) Developer,Trood,Link is not available
Full-stack Macro Javascript / Python Quant Developer,Balyasny Asset Management,https://www.indeed.com/cmp/Balyasny-Asset-Management
newFull Stack Developer,Bisnow,https://www.indeed.com/cmp/Bisnow
newSoftware Engineer,Altus Group,https://www.indeed.com/cmp/Altus-Group
newPython Developer,Rockstar Games New York & New England,Link is not available
Central Risk Book - Quant/Developer,Morgan Stanley,https://www.indeed.com/cmp/Morgan-Stanley
Software Developer ( Remote - US),Pearson,https://www.indeed.com/cmp/Pearson
newMachine Learning Engineer,Invonto,Link is not available
Web Developer - NYU Courant,New York University,https://www.indeed.com/cmp/New-York-University
"newBackend Engineer, Content Experience",Amun 21Shares,Link is not available
newPython Developer/ Senior Python Engineer Business Intelligen...,Denken Solutions Inc,https://www.indeed.com/cmp/Denken-Solutions-Inc
Web Developer,NYC Careers,https://www.indeed.com/cmp/Nyc-Careers
newFull Stack Developer,Morgan Stanley,https://www.indeed.com/cmp/Morgan-Stanley
Software Developer,Visions Federal Credit Union,https://www.indeed.com/cmp/Visions-Federal-Credit-Union
Junior Software Engineer,ION,https://www.indeed.com/cmp/Ion
"Software Engineer, Junior",Booz Allen Hamilton,https://www.indeed.com/cmp/Booz-Allen-Hamilton
newCore Java Systematic Trading Algo Developer,"JPMorgan Chase Bank, N.A.",https://www.indeed.com/cmp/Chase-2
Central Risk Book - Quant/Developer,Morgan Stanley,https://www.indeed.com/cmp/Morgan-Stanley
Senior Python Developer,Deloitte,https://www.indeed.com/cmp/Deloitte
Senior Web Developer,Planned Parenthood Federation of America,https://www.indeed.com/cmp/Planned-Parenthood
newAMER: Software Engineer,Algolia,Link is not available
newMachine Learning Engineer,Invonto,Link is not available
AI Research Scientist - Optimization,"JPMorgan Chase Bank, N.A.",https://www.indeed.com/cmp/Chase-2
Backend Developer,TrueChoice Solutions,Link is not available
Quantitative Developer,UBS,https://www.indeed.com/cmp/UBS
newSoftware Engineer/Developer,"Health Research, Inc.","https://www.indeed.com/cmp/Health-Research,-Inc."
newFront End Developer,FasTraxPOS,Link is not available
Junior Software Engineer,Xometry Inc,Link is not available
Python Developer â€“ Risk Technology,Sumitomo Mitsui Banking Corporation,https://www.indeed.com/cmp/Sumitomo-Mitsui-Banking-Corporation
Developer Advocate - Remote,Dremio,Link is not available
Software Engineer - Python,Backstage,https://www.indeed.com/cmp/Backstage
newSoftware or Systems Engineers - Avionics (100% REMOTE),Performance,Link is not available
Python Engineer,CAPCO,https://www.indeed.com/cmp/Capco
Senior Python Developer,ION,https://www.indeed.com/cmp/Ion
Associate Software Engineer,Level,https://www.indeed.com/cmp/Level
newSoftware Engineer - AML,Paramount,Link is not available
Web Developer,ANT USA,Link is not available
"Sr. Full-Stack Developer, Python",BNY Mellon,https://www.indeed.com/cmp/Bny-Mellon
"Senior Software Engineer, Backend",Duolingo,https://www.indeed.com/cmp/Duolingo
Machine Learning Engineer,Analytic Partners,https://www.indeed.com/cmp/Analytic-Partners
newSoftware Engineer - AML,Paramount,Link is not available
Software Engineer,Disney Streaming,Link is not available
Web Developer,ANT USA,Link is not available
"Sr. Full-Stack Developer, Python",BNY Mellon,https://www.indeed.com/cmp/Bny-Mellon
"Senior Software Engineer, Backend",Duolingo,https://www.indeed.com/cmp/Duolingo
Machine Learning Engineer,Analytic Partners,https://www.indeed.com/cmp/Analytic-Partners
Software Engineer,Nike,https://www.indeed.com/cmp/Nike
newCloud/Python Software Engineer,"JPMorgan Chase Bank, N.A.",https://www.indeed.com/cmp/Chase-2
Python Engineer,Check Point Software Technologies Ltd.,https://www.indeed.com/cmp/Check-Point-Software-Technologies
newDevOps Engineer (Remote),Paramount,Link is not available
React Developer,Bank of America,https://www.indeed.com/cmp/Bank-of-America
newPython Developer,Rockstar Games New York & New England,Link is not available
Software Development Engineer,Adobe,https://www.indeed.com/cmp/Adobe
"Computer Specialist, (SW) I-IV, ETL Developer",Metropolitan Transportation Authority,https://www.indeed.com/cmp/Metropolitan-Transportation-Authority-7
newSFP Software Engineer,The New York Times,https://www.indeed.com/cmp/The-New-York-Times
